{
  "1": {
    "x": 7.242683,
    "y": -2.935224,
    "z": 0.462788,
    "theta": 180
  },
  "2": {
    "x": 7.242683,
    "y": -1.258824,
    "z": 0.462788,
    "theta": 180
  },
  "3": {
    "x": 7.242683,
    "y": 0.417576,
    "z": 0.462788,
    "theta": 180
  },
  "4": {
    "x": 7.907909,
    "y": 2.742946,
    "z": 0.695452,
    "theta": 180
  },
  "5": {
    "x": -7.908925,
    "y": 2.742946,
    "z": 0.695452,
    "theta": 0
  },
  "6": {
    "x": -7.248525,
    "y": 0.417576,
    "z": 0.462788,
    "theta": 0
  },
  "7": {
    "x": -7.248525,
    "y": -1.258824,
    "z": 0.462788,
    "theta": 0
  },
  "8": {
    "x": -7.248525,
    "y": -2.935224,
    "z": 0.462788,
    "theta": 0
  }
}
