{
  "1": {
    "x": 15.513558,
    "y": 1.071626,
    "z": 0.462788,
    "theta": 180
  },
  "2": {
    "x": 15.513558,
    "y": 2.748026,
    "z": 0.462788,
    "theta": 180
  },
  "3": {
    "x": 15.513558,
    "y": 4.424426,
    "z": 0.462788,
    "theta": 180
  },
  "4": {
    "x": 16.178784,
    "y": 6.749796,
    "z": 0.695452,
    "theta": 180
  },
  "5": {
    "x": 0.36195,
    "y": 6.749796,
    "z": 0.695452,
    "theta": 0
  },
  "6": {
    "x": 1.02235,
    "y": 4.424426,
    "z": 0.462788,
    "theta": 0
  },
  "7": {
    "x": 1.02235,
    "y": 2.748026,
    "z": 0.462788,
    "theta": 0
  },
  "8": {
    "x": 1.02235,
    "y": 1.071626,
    "z": 0.462788,
    "theta": 0
  }
}
