{
  "1": {
    "x": 7.254875,
    "y": -3.05435,
    "z": 0.46355,
    "theta": -3.14159
  },
  "2": {
    "x": 7.254875,
    "y": -1.25365,
    "z": 0.46355,
    "theta": -3.14159
  },
  "3": {
    "x": 7.254875,
    "y": 0.53705,
    "z": 0.46355,
    "theta": -3.14159
  },
  "4": {
    "x": 7.915275,
    "y": 2.7965,
    "z": 0.70485,
    "theta": -3.14159
  },
  "5": {
    "x": -7.915275,
    "y": 2.7965,
    "z": 0.70485,
    "theta": 0
  },
  "6": {
    "x": -7.254875,
    "y": 0.53705,
    "z": 0.46355,
    "theta": 0
  },
  "7": {
    "x": -7.254875,
    "y": -1.25365,
    "z": 0.46355,
    "theta": 0
  },
  "8": {
    "x": -7.254875,
    "y": -3.05435,
    "z": 0.46355,
    "theta": 0
  }
}
